Hilario,Karpenya,FIMENAN,2024/12/18,12345678Z,hkarpenya0,"rB8(P'Ern0M_r,G"
Rochette,Eadmeades,FIMENAN,2024/06/17,87654321X,readmeades1,gB3$th7_6JSSq}Pq
Roxanne,Tottie,MASQUILAN,2024/07/04,11223344T,rtottie2,mS6~xAWqNj
Reta,Fayne,MASQUILAN,2024/09/18,44556677E,rfayne3,dG9#R0b<iAXACGW
Alfonso,Surtees,MASQUILAN,2025/04/20,99887766M,asurtees4,pD0%ACLmoDd<d9)m
Berni,Flori,FIMENAN,2024/12/16,10293847L,bflori5,sP5~?vI\V3VI!
Naomi,Crowcroft,MASQUILAN,2024/12/05,56473829D,ncrowcroft6,kV6?DQhAqb_
Marshall,Gusticke,MASQUILAN,2024/11/23,83726194S,mgusticke7,qQ0@IW<7+X%Z
Amitie,Kivits,FIMENAN,2024/12/08,75849302F,akivits8,"gM8'sJatjQEK}""?"
Andromache,Bromehead,MASQUILAN,2024/10/04,38475629J,abromehead9,"kM0(4T4!$wA3V""}"
Budd,Skaif,FIMENAN,2024/07/23,29384756G,bskaifa,"uE2&DH!*\,oZ9~y"
Charin,Villaret,FIMENAN,2024/12/21,12312312B,cvillaretb,uH2?mRnmnuZKg$x
Robbie,Fabler,FIMENAN,2024/07/05,45645645N,rfablerc,dW8~Woi_~NYL@q#=
Elroy,Bewly,MASQUILAN,2024/09/28,78978978R,ebewlyd,oJ0/A@y9|Rfv
Alfredo,Shaefer,MASQUILAN,2024/11/27,32132132K,ashaefere,nB1%QnM'u(&74q
Reube,Orrice,MASQUILAN,2024/10/24,14725836C,rorricef,kT1)xVw7*
Saleem,Ammer,FIMENAN,2025/02/19,36925814P,sammerg,qM6#$NEW/?k!
Lanni,Fernie,MASQUILAN,2025/01/29,74185296H,lfernieh,oY4*FE+zEVUas1q
Baryram,Charkham,MASQUILAN,2025/04/06,85296374Y,bcharkhami,wY0~(pi#7%@
Aida,Plinck,MASQUILAN,2024/11/07,96385274Q,aplinckj,dF4)kif~XY